Title, Date-Scraped,Link,Date-Posted,Last-Reply,Replies,Views,Users,Likes,Link,Class,Words
About the UDK Content Creation and Design category,"Aug 09, 2022 07:20:41 PM MDT",https://forums.unrealengine.com/t/about-the-udk-content-creation-and-design-category/,"Mar 25, 2021 9:15 am MDT","Apr 5, 2021 8:33 pm MDT",1,565,1,0,0,['cooked'],"['level', 'design', 'content', 'creation', 'kismet', 'and', 'general', 'design', 'discussion']"
Sunsetting UDK,"Aug 09, 2022 07:20:46 PM MDT",https://forums.unrealengine.com/t/sunsetting-udk/,"Dec 14, 2016 4:13 pm MDT","Jul 14, 2020 12:53 pm MDT",52,15846,24,0,7,['cooked'],"['starting', 'friday', 'december', 'th', 'epic', 'games', 'will', 'no', 'longer', 'be', 'able', 'to', 'host', 'udk', 'for', 'download', 'via', 'the', 'unreal', 'engine', 'website', 'we', 'apologize', 'for', 'the', 'inconvenience', 'this', 'may', 'cause', 'you', 'but', 'urge', 'you', 'to', 'take', 'a', 'look', 'at', 'for', 'your', 'future', 'development', 'needs', 'through', 'unreal', 'engine', 'you', 'will', 'have', 'access', 'to', 'the', 'latest', 'engine', 'features', 'build', 'updates', 'and', 'source', 'code', 'all', 'for', 'free', 'you', 'can', 'continue', 'to', 'use', 'your', 'existing', 'copy', 'of', 'udk', 'under', 'the', 'current', 'terms', 'hi', 'alex', 'so', 'does', 'this', 'bring', 'about', 'any', 'other', 'knock-on', 'affects', 'that', 'we', 'should', 'know', 'about', 'how', 'about', 'the', 'license', 'etc', 'or', 'can', 'we', 'just', 'default', 'to', 'a', 'ue', 'license', 'if', 'we', 'choose', 'paschall', 'also', 'interested', 'to', 'hear', 'thank', 'you', 'were', 'already', 'aware', 'that', 'ue', 'exists', 'but', 'simply', 'its', 'less', 'work', 'to', 'finish', 'them', 'than', 'to', 'port', 'them', 'to', 'ue', 'eek', 's', 'im', 'also', 'curious', 'about', 'the', 'udk', 'licensing', 'i', 'bought', 'my', 'udk', 'license', 'back', 'in', 'and', 'i', 'plan', 'to', 'release', 'my', 'udk-based', 'game', 'early', 'next', 'year', 'i', 'doubt', 'there', 'is', 'a', 'license', 'change', 'as', 'they', 'just', 'cant', 'do', 'that', 'to', 'us', 'i', 'for', 'example', 'have', 'the', 'same', 'license', 'model', 'that', 'ue', 'has', 'applied', 'to', 'udk', 'as', 'long', 'as', 'they', 'dont', 'touch', 'the', 'forums', 'and', 'the', 'udn', 'gems', 'tutorials', 'udk', 'related', 'info', 'im', 'cool', 'going', 'to', 'stock', 'on', 'udk', 'versions', 'today', 'you', 'can', 'continue', 'to', 'use', 'your', 'copy', 'of', 'udk', 'under', 'the', 'existing', 'terms', 'good', 'luck', 'with', 'shipping', 'your', 'game', 'thank', 'you', 'cant', 'say', 'fairer', 'than', 'that', 'ignore', 'this', 'post', 'thanks', 'i', 'will', 'ask', 'just', 'in', 'case', 'the', 'udn', 'page', 'and', 'its', 'related', 'content', 'will', 'not', 'be', 'removed', 'right', 'hi', 'we', 'have', 'no', 'plans', 'to', 'remove', 'the', 'legacy', 'ue', 'documentation', 'in', 'the', 'foreseeable', 'future', 'we', 'simply', 'have', 'to', 'discontinue', 'hosting', 'the', 'udk', 'builds', 'can', 'we', 'have', 'any', 'problem', 'in', 'to', 'publish', 'games', 'made', 'with', 'udk', 'i', 'think', 'you', 'have', 'to', 'give', 'us', 'your', 'approval', 'before', 'publishing', 'in', 'my', 'opinion', 'i', 'dont', 'think', 'there', 'shoud', 'be', 'problems', 'i', 'havent', 'heard', 'of', 'a', 'approval', 'thing', 'when', 'you', 'are', 'ready', 'to', 'publish', 'you', 'just', 'inform', 'them', 'by', 'email', 'so', 'that', 'they', 'coud', 'be', 'aware', 'in', 'therms', 'of', 'the', 'monthly', 'royalty', 'start', 'kristen', 'from', 'epic', 'told', 'me', 'that', 'some', 'time', 'ago', 'unless', 'they', 'tell', 'the', 'guys', 'at', 'steam', 'to', 'stop', 'supporting', 'the', 'udk', 'installer', 'which', 'i', 'dont', 'beleve', 'epic', 'will', 'ever', 'do', 'just', 'a', 'heads', 'up', 'that', 'no', 'we', 'are', 'not', 'removing', 'them', 'but', 'in', 'the', 'near', 'future', 'we', 'will', 'be', 'moving', 'them', 'to', 'a', 'different', 'url', 'location', 'and', 'updating', 'some', 'of', 'the', 'outdated', 'language', 'on', 'them', 'dont', 'be', 'alarmed', 'also', 'ive', 'discovered', 'that', 'the', 'search', 'functionality', 'on', 'them', 'has', 'recently', 'broken', 'and', 'we', 'are', 'looking', 'into', 'it', 'cheers', 'thank', 'you', 'for', 'letting', 'us', 'know', 'this', 'migh', 'be', 'a', 'shot', 'in', 'the', 'dark', 'but', 'i', 'will', 'just', 'ask', 'when', 'you', 'go', 'and', 'updtate', 'some', 'of', 'the', 'outdated', 'language', 'loud', 'it', 'be', 'possible', 'to', 'ask', 'someone', 'at', 'epic', 'if', 'he', 'by', 'any', 'chance', 'has', 'a', 'udk', 'tessellation', 'shader', 'that', 'actually', 'works', 'with', 'distance', 'control', 'for', 'the', 'players', 'camera', 'so', 'that', 'it', 'doesnt', 'subdivide', 'to', 'infinity', 'the', 'closer', 'you', 'get', 'and', 'make', 'our', 'pc', 'crawl', 'down', 'to', 'its', 'kneesi', 'and', 'many', 'tryed', 'to', 'make', 'one', 'but', 'no', 'one', 'managed', 'to', 'make', 'one', 'that', 'is', 'usable', 'so', 'parallax', 'and', 'pseudo', 'pbr', 'is', 'all', 'for', 'us', 'if', 'by', 'some', 'chance', 'someone', 'from', 'epic', 'have', 'one', 'please', 'share', 'it', 'for', 'us', 'in', 'the', 'gems', 'section', 'no', 'documentation', 'needed', 'gee', 'giving', 'a', 'days', 'heads', 'up', 'notice', 'is', 'a', 'bit', 'short', 'folks', 'dont', 'always', 'visit', 'the', 'site', 'every', 'days', 'a', 'months', 'notice', 'might', 'have', 'been', 'better', 'imo', 'anyway', 'i', 'guess', 'i', 'should', 'have', 'downloaded', 'the', 'build', 'sooner', 'but', 'never', 'factored', 'in', 'dl', 'links', 'disappearing', 'upshot', 'now', 'is', 'i', 'have', 'to', 'ask', 'does', 'anyone', 'know', 'where', 'i', 'can', 'dl', 'the', 'build', 'that', 'isnt', 'at', 'risk', 'of', 'virus', 'infection', 'my', 'steam', 'ea', 'release', 'uses', 'an', 'earlier', 'build', 'i', 'planned', 'on', 'moving', 'to', 'the', 'build', 'only', 'at', 'the', 'final', 'release', 'stage', 'iam', 'releasing', 'like', 'this', 'as', 'it', 'means', 'i', 'know', 'can', 'move', 'backwards', 'to', 'a', 'previous', 'build', 'if', 'a', 'gotcha', 'in', 'surfaces', 'i', 'managed', 'to', 'get', 'all', 'from', '-', 'to', 'the', 'im', 'using', 'the', '-', 'when', 'i', 'have', 'the', 'time', 'i', 'will', 'upload', 'the', 'one', 'you', 'want', 'yummy', 'and', 'will', 'notify', 'you', 'im', 'not', 'sure', 'if', 'the', 'will', 'bring', 'anything', 'important', 'to', 'the', 'table', 'or', 'steam', 'just', 'hope', 'some', 'of', 'the', 'epic', 'devs', 'saw', 'my', 'comment', 'one', 'post', 'up', 'and', 'when', 'the', 'have', 'the', 'time', 'go', 'and', 'ask', 'if', 'someone', 'on', 'the', 'team', 'have', 'a', 'correct', 'working', 'tessellation', 'shader', 'on', 'their', 'hdds', 'as', 'we', 'coud', 'use', 'it', 'im', 'pretty', 'sure', 'they', 'coud', 'share', 'some', 'of', 'those', 'samarithan', 'demo', 'gems', 'with', 'us', 'before', 'they', 'go', 'extinct', 'and', 'no', 'one', 'is', 'using', 'them', 'rolleyes', 'thanks', 'im', 'using', 'july', 'there', 'are', 'some', 'issues', 'such', 'as', 'the', 'memory', 'leak', 'with', 'the', 'earlier', 'builds', 'i', 'tested', 'on', 'builds', 'which', 'fix', 'the', 'memory', 'leak', 'but', 'got', 'reduced', 'frame', 'rates', 'so', 'hopefully', 'is', 'ok', 'otherwise', 'i', 'need', 'to', 'weigh', 'up', 'frame', 'rate', 'verse', 'memory', 'leak', 'bah', 'that', 'was', 'such', 'a', 'short', 'notice', 'feb', 'was', 'the', 'last', 'build', 'right', 'if', 'you', 'dont', 'host', 'the', 'download', 'anymore', 'why', 'dont', 'you', 'create', 'an', 'official', 'torrent', 'like', 'unity', 'technologies', 'did', 'to', 'free', 'up', 'brandwitch', 'udk', '-', 'it', 'will', 'be', 'up', 'for', 'days', 'page', 'seem', 'safe', 'to', 'me', 'microsoft', 'edge', 'smartscreen', 'reports', 'the', 'download', 'as', 'being', 'unsafe', 'chrome', 'does', 'not', 'have', 'that', 'problem', 'so', 'i', 'simply', 'used', 'the', 'report', 'feature', 'to', 'report', 'the', 'download', 'as', 'being', 'safe', 'from', 'edge', 'february', 'was', 'the', 'last', 'udk', 'build', 'i', 'was', 'afraid', 'epic', 'games', 'would', 'kill', 'udk', 'entirely', 'so', 'much', 'for', 'post-ue', 'support', 'hey', 'lord', 'iheanacho', 'you', 'the', 'other', 'maze', 'guy', 'honestly', 'if', 'i', 'knew', 'epic', 'would', 'do', 'this', '-', 'and', 'if', 'i', 'wasnt', 'homeless', 'last', 'year', 'with', 'no', 'internet', 'or', 'food', 'for', 'like', 'months-', 'then', 'i', 'would', 'have', 'bought', 'the', 'license', 'in', 'even', 'though', 'i', 'was', 'in', 'no', 'position', 'to', 'use', 'it', 'or', 'do', 'so', 'finally', 'in', 'a', 'position', 'to', 'get', 'stuff', 'done', 'build', 'a', 'game', 'prototype', 'in', 'a', 'month', 'and', 'cant', 'get', 'a', 'license', 'as', 'usual', 'the', 'ones', 'who', 'struggle', 'get', 'no', 'support-', 'and', 'thus', 'no', 'life', 'chances', '-', 'sux', 'to', 'be', 'me', 'lets', 'hope', 'they', 'keep', 'the', 'legacy', 'forums', 'at', 'least', 'legacy', 'forums', 'are', 'kept', 'and', 'i', 'still', 'think', 'you', 'can', 'buy', 'a', 'udk', 'licensehell', 'even', 'a', 'ue', 'one', 'my', 'udk', 'license', 'is', 'the', 'same', 'as', 'the', 'ue', 'one', 'could', 'you', 'upload', 'it', 'somewhere', 'again', 'ive', 'lost', 'my', 'udk', 'that', 'i', 'had', 'on', 'my', 'dvdbroken', 'greetings', 'where', 'can', 'i', 'download', 'udkinstall--', 'exe', 'and', 'now', 'and', 'pls', 'dont', 'suggest', 'me', 'the', 'ue', 'because', 'it', 'doesnt', 'support', 'opening', 'old', 'upk', 'resources', 'will', 'try', 'to', 'upload', 'it', 'when', 'i', 'have', 'some', 'spare', 'time', 'meanwhile', 'try', 'your', 'luck', 'on', 'google', 'will', 'be', 'very', 'thankful', 'for', 'this', 'google', 'and', 'other', 'search', 'engines', 'already', 'are', 'full-searched', 'with', 'no', 'results', 'ive', 'searched', 'yesterday', 'for', 'hours', 'and', 'found', 'nothing', 'so', 'that', 'really', 'got', 'me', 'down', 'udk', '-', 'my', 'connection', 'was', 'slow', 'so', 'i', 'decided', 'to', 'upload', 'the', 'and', 'not', 'the', 'as', 'that', 'one', 'has', 'the', 'memory', 'leak', 'its', 'going', 'to', 'be', 'up', 'for', 'days', 'as', 'i', 'dont', 'have', 'storage', 'account', 'thanks', 'mandownloading', 'is', 'it', 'not', 'the', 'february', 'the', 'latest', 'version', 'why', 'dont', 'u', 'put', 'the', 'version', 'into', 'google', 'drive', 'then', 'share', 'the', 'link', 'so', 'that', 'way', 'we', 'dont', 'have', 'to', 'have', 'day', 'limit', 'and', 'others', 'can', 'get', 'there', 'hands', 'on', 'it', 'if', 'you', 'cant', 'do', 'that', 'put', 'it', 'back', 'into', 'the', 'program', 'your', 'using', 'and', 'i', 'will', 'download', 'and', 'setup', 'the', 'link', 'for', 'everybody', 'to', 'download', 'it', 'at', 'if', 'anyone', 'has', 'the', '-', 'version', 'that', 'would', 'be', 'great', 'was', 'it', 'so', 'hard', 'to', 'keep', 'at', 'least', 'one', 'udk', 'epic', 'will', 'try', 'to', 'get', 'the', 'in', 'a', 'few', 'days', 'as', 'i', 'have', 'work', 'nowand', 'my', 'speed', 'is', 'not', 'that', 'great', 'if', 'you', 'guys', 'are', 'developing', 'a', 'udk', 'game', 'i', 'highly', 'recommend', 'doing', 'it', 'in', 'a', 'older', 'version', 'of', 'udk', 'like', 'the', '-', 'if', 'you', 'do', 'it', 'in', 'the', 'latest', 'version', 'and', 'see', 'bugs', 'have', 'trouble', 'it', 'will', 'be', 'verry', 'hard', 'to', 'port', 'it', 'to', 'a', 'lower', 'version', 'if', 'you', 'do', 'it', 'in', 'a', 'older', 'version', 'and', 'finish', 'it', 'and', 'for', 'some', 'reason', 'you', 'decide', 'that', 'you', 'want', 'to', 'compille', 'in', 'the', 'latest', 'version', 'than', 'is', 'just', 'plug', 'an', 'play', 'no', 'issues', 'depending', 'on', 'how', 'old', 'the', 'version', 'was', 'for', 'me', 'i', 'lost', 'mine', 'from', 'having', 'issues', 'with', 'my', 'computer', 'and', 'was', 'going', 'to', 'get', 'it', 'back', 'but', 'they', 'removed', 'the', 'download', 'link', 'so', 'im', 'stuck', 'i', 'will', 'try', 'out', 'the', 'even', 'though', 'it', 'doesnt', 'hold', 'any', 'of', 'the', 'new', 'features', 'that', 'the', 'holds', 'for', 'what', 'we', 'know', 'the', 'only', 'updated', 'thing', 'on', 'th', 'is', 'the', 'ios', 'support', 'probalby', 'nothing', 'more', 'or', 'something', 'important', 'as', 'it', 'was', 'not', 'documented', 'by', 'them', 'if', 'you', 'look', 'at', 'the', 'udk', 'games', 'made', 'in', 'this', 'forummost', 'of', 'them', 'use', 'a', 'udk', 'to', 'thats', 'why', 'i', 'said', 'i', 'beleve', 'the', 'may', 'not', 'be', 'of', 'much', 'importance', 'here', 'is', 'some', 'info', 'by', 'the', 'way', 'what', 'does', 'exatly', 'mean', 'windows', 'signing', 'support', 'for', '-bit', 'fat', 'binaries', 'hi', 'there', 'i', 'really', 'need', 'udk', 'guys', 'anyone', 'have', 'it', 'and', 'can', 'share', 'please', 'im', 'trying', 'download', 'the', 'one', 'that', 'post', 'above', 'but', 'just', 'got', 'error', 'and', 'the', 'ones', 'from', 'arent', 'there', 'anymore', 'the', 'versions', 'i', 'find', 'trough', 'google', 'are', 'very', 'old', 'and', 'dont', 'even', 'have', 'the', 'landscape', 'and', 'foliage', 'editors', 'that', 'i', 'most', 'need', 'if', 'anyone', 'can', 'save', 'me', 'would', 'be', 'reaaally', 'appreciated', 'udk', 'sorry', 'i', 'had', 'split', 'it', 'up', 'mb', 'each', 'because', 'i', 'only', 'have', 'a', 'free', 'mediafire', 'account', 'hope', 'its', 'all', 'intact', 'if', 'not', 'let', 'me', 'know', 'and', 'ill', 'fix', 'any', 'broken', 'edit', 'download', 'them', 'all', 'once', 'downloaed', 'double', 'click', 'the', 'file', 'with', 'the', 'zip', 'extension', 'and', 'then', 'the', 'udkinstall', 'will', 'be', 'reassembled', 'into', 'its', 'original', 'exe', 'ready', 'to', 'install', 'i', 'think', 'these', 'are', 'still', 'working', 'will', 'try', 'it', 'oh', 'nice', 'tnx', 'guys', 'yes', 'they', 'are', 'working', 'does', 'anyone', 'still', 'know', 'if', 'its', 'possible', 'to', 'get', 'a', 'udk', 'license', 'you', 'probably', 'cannot', 'get', 'new', 'udk', 'licenses', 'epic', 'had', 'trouble', 'negotiating', 'with', 'some', 'of', 'the', 'providers', 'of', 'the', 'middleware', 'bundled', 'in', 'udk', 'you', 'can', 'probably', 'still', 'get', 'a', 'ue', 'license', 'if', 'you', 'contact', 'epic', 'at', 'and', 'ask', 'for', 'a', 'ue', 'license', 'ue', 'does', 'not', 'come', 'with', 'bink', 'or', 'speedtree', 'and', 'it', 'takes', 'considerably', 'more', 'effort', 'to', 'set', 'up', 'i', 'dont', 'know', 'your', 'situation', 'or', 'your', 'project', 'but', 'unless', 'you', 'already', 'have', 'a', 'udk', 'game', 'ready', 'to', 'release', 'i', 'would', 'strongly', 'recommend', 'going', 'with', 'ue', 'so', 'we', 'cant', 'use', 'bink', 'or', 'speedtree', 'for', 'new', 'releases', 'using', 'udk', 'with', 'license', 'and', 'simplygon', 'i', 'may', 'have', 'been', 'mistaken', 'if', 'you', 'already', 'have', 'udk', 'you', 'downloaded', 'it', 'and', 'installed', 'it', 'with', 'the', 'eula', 'that', 'gives', 'you', 'access', 'to', 'everything', 'in', 'udk', 'which', 'includes', 'bink', 'speedtree', 'and', 'simplygon', 'but', 'is', 'the', 'license', 'for', 'releasing', 'a', 'game', 'separate', 'from', 'the', 'udk', 'eula', 'after', 'making', 'your', 'game', 'do', 'you', 'need', 'to', 'buy', 'a', 'commercial', 'license', 'separately', 'if', 'the', 'terms', 'of', 'that', 'license', 'were', 'already', 'spelled', 'out', 'in', 'the', 'udk', 'eula', 'then', 'youre', 'probably', 'fine', 'if', 'however', 'the', 'commercial', 'license', 'is', 'completely', 'separate', 'from', 'the', 'udk', 'eula', 'then', 'it', 'might', 'be', 'more', 'complicated', 'at', 'the', 'end', 'of', 'the', 'day', 'though', 'im', 'not', 'a', 'lawyer', 'and', 'im', 'not', 'an', 'epic', 'employee', 'the', 'only', 'definitive', 'answer', 'is', 'the', 'one', 'youll', 'get', 'from', 'epic', 'thank', 'you', 'i', 'havent', 'used', 'bink', 'or', 'speedtree', 'in', 'my', 'game', 'simplygon', 'yes', 'but', 'it', 'can', 'be', 'avoided', 'easily', 'with', 'a', 'bit', 'of', 'work', 'sometimes', 'i', 'have', 'a', 'insecurity', 'feel', 'using', 'udk', 'being', 'abandoned', 'by', 'epic', 'and', 'worrying', 'about', 'the', 'obstacles', 'i', 'may', 'encounter', 'along', 'the', 'next', 'steps', 'thats', 'why', 'its', 'important', 'to', 'use', 'an', 'engine', 'that', 'stays', 'up-to-date', 'in', 'all', 'aspects', 'although', 'in', 'my', 'case', 'and', 'probably', 'in', 'the', 'case', 'of', 'everyone', 'around', 'here', 'we', 'have', 'to', 'finish', 'the', 'current', 'job', 'with', 'udk', 'as', 'nathaniel', 'said', 'bink', 'speed', 'tree', 'simplygon', 'face', 'fx', 'and', 'the', 'rest', 'are', 'free', 'for', 'all', 'udk', 'releases', 'only', 'the', 'newer', 'versions', 'of', 'those', 'software', 'need', 'a', 'purchase', 'if', 'you', 'need', 'something', 'more', 'up', 'to', 'date', 'so', 'what', 'you', 'get', 'by', 'deffault', 'is', 'free', 'you', 'can', 'still', 'get', 'the', 'udk', 'license', 'if', 'thats', 'what', 'youre', 'talking', 'about', 'i', 'got', 'one', 'a', 'few', 'weeks', 'ago', 'the', 'email', 'is', 'also', 'i', 'cant', 'believe', 'these', 'documentation', 'pages', 'have', 'gone', 'down', 'now', 'too', 'are', 'they', 'going', 'to', 'stay', 'down', 'wtf', 'i', 'was', 'reading', 'udn', 'just', 'a', 'few', 'days', 'ago', 'if', 'it', 'doesnt', 'come', 'back', 'we', 'will', 'do', 'what', 'we', 'awlays', 'dowhine', 'until', 'they', 'give', 'it', 'back', 'till', 'then', 'this', 'shoud', 'help', 'a', 'litle', 'but', 'you', 'cant', 'acces', 'the', 'udk', 'gems', 'and', 'other', 'downloadable', 'content', 'and', 'other', 'stuff', 'mad', 'read', 'here', 'thanks', 'so', 'its', 'api', 'now', 'all', 'udk', 'betas']"
Windows 11 crashing for anyone else when going into geometry mode?,"Aug 09, 2022 07:20:52 PM MDT",https://forums.unrealengine.com/t/windows-11-crashing-for-anyone-else-when-going-into-geometry-mode/,"Jun 21, 2022 2:05 am MDT","Jul 28, 2022 5:42 am MDT",4,218,3,0,0,['cooked'],"['i', 'was', 'commenting', 'the', 'other', 'day', 'on', 'how', 'windows', 'updates', 'werent', 'breaking', 'everything', 'the', 'way', 'windows', 'updates', 'did', 'but', 'now', 'im', 'consistently', 'getting', 'serious', 'problems', 'when', 'entering', 'geometry', 'mode', 'and', 'this', 'started', 'happening', 'recently', 'the', 'editor', 'freezes', 'mouse', 'movement', 'gets', 'choppy', 'and', 'im', 'unable', 'to', 'open', 'task', 'manager', 'to', 'shut', 'down', 'the', 'editor', 'i', 'get', 'an', 'annoying', 'beep', 'sound', 'when', 'i', 'try', 'using', 'the', 'mouse', 'is', 'this', 'happening', 'to', 'anyone', 'else', 'do', 'you', 'have', 'a', 'fix', 'annoying', 'beep', 'sound', 'sounds', 'a', 'bit', 'like', 'a', 'stuck', 'keyboard', 'key', 'or', 'mouse', 'button', 'could', 'it', 'be', 'nope', 'only', 'happens', 'when', 'i', 'open', 'geometry', 'mode', 'right', 'after', 'i', 'open', 'geometry', 'mode', 'never', 'happens', 'at', 'any', 'other', 'time', 'i', 'know', 'its', 'going', 'to', 'happen', 'because', 'after', 'i', 'click', 'the', 'geometry', 'mode', 'button', 'the', 'popup', 'doesnt', 'disappear', 'and', 'the', 'beep', 'only', 'happens', 'when', 'i', 'try', 'moving', 'or', 'clicking', 'the', 'mouse', 'after', 'entering', 'geometry', 'mode', 'bizarre', 'does', 'geometry', 'mode', 'work', 'fine', 'if', 'you', 'change', 'the', 'rendering', 'views', 'for', 'example', 'use', 'it', 'in', 'wireframe', 'view', 'build', 'and', 'than', 'exit', 'out', 'of', 'geometry', 'mode', 'i', 'know', 'its', 'not', 'a', 'solution', 'even', 'if', 'it', 'works', 'though', 'what', 'is', 'the', 'gpu', 'nvidia', 'ones', 'have', 'that', 'option', 'in', 'the', 'gpu', 'control', 'panel', 'to', 'change', 'd', 'settings', 'per', 'application']"
"Best reimport option, because reimporting is bugged","Aug 09, 2022 07:20:56 PM MDT",https://forums.unrealengine.com/t/best-reimport-option-because-reimporting-is-bugged/,"Jun 15, 2022 3:47 am MDT","Jun 27, 2022 3:21 am MDT",5,306,2,1,1,['cooked'],"['hello', 'can', 'you', 'suggest', 'the', 'best', 'way', 'to', 'reimport', 'a', 'mesh', 'in', 'archiviz', 'there', 'are', 'plenty', 'of', 'modifications', 'and', 'updates', 'but', 'all', 'reimporting', 'options', 'are', 'just', 'bugged', 'i', 'tried', 'with', 'datasmith', 'with', 'cd', 'but', 'sometimes', 'it', 'doesnt', 'get', 'all', 'materials', 'and', 'they', 'are', 'imported', 'grey', 'sometimes', 'instead', 'works', 'but', 'seems', 'not', 'to', 'be', 'a', 'reliable', 'method', 'fbx', 'reimport', 'option', 'has', 'the', 'same', 'issues', 'its', 'bugged', 'sometimes', 'it', 'reimport', 'correctly', 'sometimes', 'overlap', 'deleted', 'objects', 'or', 'make', 'a', 'mess', 'with', 'materials', 'at', 'a', 'certain', 'point', 'i', 'just', 'delete', 'everything', 'because', 'i', 'spend', 'less', 'time', 'reimporting', 'from', 'and', 'reapply', 'all', 'materials', 'but', 'doesnt', 'seem', 'to', 'be', 'a', 'decent', 'way', 'to', 'work', 'twinmotion', 'that', 'uses', 'unreal', 'engine', 'works', 'ok', 'instead', 'so', 'i', 'wonder', 'if', 'there', 'is', 'some', 'trick', 'to', 'solve', 'this', 'waste', 'of', 'time', 'can', 'you', 'confirm', 'that', 'your', 'context', 'is', 'datasmith', 'import', 'of', 'cd', 'manual', 'modification', 'of', 'position', 'and', 'material', 'etc', 'modif', 'of', 'cd', 'reimport', 'that', 'does', 'not', 'preserve', 'the', 'manual', 'change', 'you', 'did', 'in', 'we', 'need', 'to', 'understand', 'what', 'fails', 'to', 'be', 'able', 'to', 'fix', 'the', 'reimport', 'process', 'as', 'you', 'should', 'not', 'lose', 'information', 'as', 'a', 'workaround', 'did', 'you', 'look', 'at', 'the', 'visual', 'dataprep', 'functionnality', 'you', 'create', 'a', 'recipe', 'to', 'process', 'the', 'scene', 'and', 'assets', 'that', 'comes', 'in', 'ue', 'thank', 'you', 'for', 'the', 'answer', 'about', 'visual', 'dataprep', 'functionality', 'no', 'if', 'you', 'please', 'can', 'send', 'a', 'link', 'i', 'will', 'check', 'it', 'out', 'to', 'be', 'more', 'precise', 'reimport', 'function', 'works', 'with', 'datasmith', 'the', 'problem', 'is', 'the', 'the', 'first', 'importing', 'i', 'use', 'the', 'same', 'procedure', 'saving', 'with', 'assets', 'to', 'obtain', 'all', 'the', 'texture', 'saving', 'for', 'cineware', 'but', 'sometimes', 'all', 'the', 'materials', 'are', 'gray', 'so', 'you', 'mean', 'that', 'on', 'fresh', 'import', 'from', 'cineware', 'sometimes', 'you', 'get', 'assets', 'and', 'their', 'materials', 'properly', 'set', 'and', 'sometimes', 'you', 'get', 'a', 'grey', 'material', 'in', 'that', 'case', 'it', 'sounds', 'more', 'an', 'issue', 'with', 'the', 'cd', 'importer', 'for', 'visual', 'dataprep', 'you', 'can', 'have', 'a', 'look', 'but', 'i', 'recommend', 'it', 'as', 'you', 'can', 'define', 'some', 'rules', 'to', 'apply', 'materials', 'on', 'import', 'and', 'that', 'is', 'easy', 'to', 'reapply', 'on', 'every', 'import', 'but', 'that', 'will', 'not', 'save', 'you', 'if', 'the', 'original', 'import', 'fail', 'to', 'create', 'the', 'proper', 'material', 'here', 'an', 'example', 'of', 'what', 'is', 'the', 'import', 'result', 'a', 'couple', 'of', 'materials', 'are', 'imported', 'right', 'all', 'the', 'others', 'are', 'not', 'its', 'not', 'a', 'texture', 'problem', 'because', 'no', 'one', 'of', 'my', 'materials', 'had', 'textures', 'applied', 'im', 'using', 'the', 'same', 'cinema', 'd', 'version', 'and', 'same', 'way', 'to', 'export', 'file', 'saving', 'as', 'cineware', 'so', 'the', 'workflow', 'is', 'so', 'simple', 'that', 'i', 'cant', 'see', 'how', 'can', 'be', 'a', 'cd', 'issue', 'i', 'also', 'tried', 'to', 'use', 'cd', 'instead', 'cd', 'but', 'the', 'results', 'are', 'identical', 'could', 'you', 'share', 'the', 'model', 'in', 'a', 'private', 'message', 'with', 'me', 'it', 'seems', 'your', 'editor', 'is', 'performing', 'poorly', 'due', 'to', 'low', 'video', 'memory', 'is', 'the', 'editor', 'still', 'in', 'the', 'process', 'of', 'building', 'shaders', 'materials', 'that', 'would', 'explain', 'why', 'some', 'materials', 'are', 'still', 'grey']"
All UDK downloads,"Aug 09, 2022 07:20:59 PM MDT",https://forums.unrealengine.com/t/all-udk-downloads/,"Jan 19, 2016 7:13 pm MDT","Jun 22, 2022 10:28 am MDT",59,79385,33,5,50,['cooked'],"['info', 'provided', 'by', 'shywalker', 'in', 'an', 'old', 'thread', 'ill', 'try', 'to', 'keep', 'this', 'in', 'a', 'external', 'hard', 'drive', 'to', 'keep', 'it', 'when', 'i', 'get', 'one', 'i', 'wish', 'i', 'had', 'some', 'money', 'very', 'nice', 'good', 'stuff', 'definitely', 'useful', 'can', 'you', 'install', 'separate', 'versions', 'on', 'the', 'same', 'computer', 'just', 'a', 'note', 'i', 'tend', 'to', 'have', 'problems', 'with', 'the', 'february', 'version', 'so', 'i', 'recommend', 'using', 'the', 'one', 'right', 'before', 'it', 'instead', 'jason', 'edit', 'alright', 'nevermind', 'the', 'august', 'version', 'is', 'just', 'as', 'broken', 'so', 'its', 'probably', 'just', 'a', 'problem', 'on', 'my', 'end', 'i', 'know', 'this', 'is', 'a', 'older', 'thread', 'but', 'can', 'anyone', 'tell', 'me', 'what', 'updates', 'were', 'done', 'to', 'the', 'version', 'as', 'opposed', 'to', 'the', '-', 'version', 'im', 'going', 'to', 'assume', 'it', 'was', 'some', 'minor', 'patching', 'with', 'occulus', 'support', 'higly', 'doubt', 'anything', 'about', 'oculus', 'is', 'aded', 'and', 'most', 'people', 'use', 'the', 'newer', 'oculus', 'and', 'other', 'brands', 'while', 'udk', 'got', 'a', 'basic', 'support', 'for', 'the', 'dkepic', 'most', 'probably', 'have', 'the', 'code', 'for', 'dk', 'and', 'the', 'playstaion', 'variant', 'but', 'you', 'have', 'to', 'speak', 'with', 'them', 'outlast', 'uses', 'it', 'and', 'they', 'use', 'ue', 'build', 'equivalent', 'to', 'the', 'udk', 'i', 'think', 'they', 'aded', 'only', 'ios', 'stuff', 'probably', 'some', 'bug', 'fixes', 'but', 'no', 'one', 'made', 'a', 'full', 'list', 'from', 'epic', 'yeah', 'that', 'sucks', 'that', 'epic', 'kinda', 'left', 'udk', 'in', 'the', 'dust', 'and', 'i', 'really', 'like', 'unreal', 'engine', 'but', 'alot', 'of', 'developers', 'have', 'unfinished', 'products', 'or', 'projects', 'with', 'udk', 'and', 'udk', 'still', 'has', 'alot', 'to', 'offer', 'and', 'features', 'that', 'unreal', 'engine', 'does', 'not', 'have', 'i', 'wish', 'epic', 'games', 'public', 'relations', 'department', 'would', 'be', 'better', 'than', 'it', 'is', 'currently', 'i', 'ask', 'alot', 'of', 'questions', 'about', 'the', 'engine', 'and', 'get', 'very', 'little', 'responses', 'back', 'and', 'most', 'of', 'the', 'time', 'none', 'at', 'all', 'alot', 'of', 'stuff', 'is', 'missing', 'from', 'github', 'alot', 'of', 'information', 'is', 'never', 'awnsered', 'and', 'alot', 'of', 'features', 'and', 'functionality', 'of', 'ue', 'that', 'could', 'be', 'done', 'in', 'unreal', 'engine', 'is', 'still', 'not', 'released', 'to', 'the', 'public', 'like', 'turbulent', 'particles', 'or', 'more', 'documentation', 'on', 'things', 'like', 'gpu', 'accelerated', 'rigid', 'bodies', 'and', 'other', 'various', 'things', 'is', 'it', 'me', 'or', 'all', 'download', 'links', 'are', 'dead', 'they', 'dont', 'work', 'i', 'really', 'need', 'to', 'download', 'this', 'to', 'load', 'up', 'an', 'old', 'piece', 'of', 'work', 'to', 'update', 'my', 'portfolio', 'the', 'inks', 'are', 'all', 'deadcan', 'someone', 'upload', 'the', 'latest', 'version', 'yeah', 'can', 'anyone', 'upload', 'the', 'whole', 'udk', 'archive', 'on', 'some', 'ftp', 'or', 'http', 'server', 'shame', 'to', 'epic', 'games', 'for', 'removing', 'all', 'download', 'links', 'from', 'their', 'server', 'i', 'found', 'udk', 'download', 'on', 'this', 'website', 'from', 'searching', 'around', 'its', 'demonically', 'outdated', 'fontcomic', 'sans', 'msdate', 'ah', 'well', 'imtrying', 'to', 'find', 'somebody', 'to', 'put', 'it', 'up', 'so', 'i', 'can', 'download', 'it', 'then', 'put', 'it', 'on', 'google', 'drive', 'for', 'everybody', 'to', 'get', 'it', 'got', 'a', 'few', 'from', 'wayback', 'machine', 'spoiler', 'udkinstall---beta', 'exe', 'udkinstall---beta', 'exe', 'udkinstall--', 'exe', 'spoiler', 'ok', 'i', 'added', 'both', 'the', '-', 'and', '-', 'to', 'my', 'google', 'drive', 'oh', 'thx', 'spider', 'for', 'sharing', 'what', 'about', 'udkinstall---beta', 'im', 'having', 'a', 'problem', 'it', 'wont', 'open', 'the', 'installer', 'i', 'get', 'the', 'spinning', 'wheel', 'of', 'doom', 'after', 'double', 'clicking', 'it', 'im', 'on', 'windows', 'nvm', 'just', 'had', 'to', 'wait', 'on', 'it', 'ok', 'ill', 'wait', 'added', 'a', 'few', 'links', 'for', 'udk', 'unreal', 'archive', 'basically', 'everything', 'from', '-', 'small', 'chunks', 'of', 'udn', 'all', 'udk', 'betas', 'all', 'unreal', 'games', 'patches', 'updates', 'add-ons', 'etc', 'the', 'only', 'i', 'thing', 'i', 'do', 'not', 'have', 'is', 'what', 'udkultimate', 'has', 'oh', 'and', 'someone', 'to', 'enjoy', 'the', 'content', 'with', 'or', 'help', 'with', 'projects', 'woho', 'tbs', 'can', 'you', 'share', 'this', 'awesome', 'archive', 'waiting', 'for', 'udkinstall---beta', 'udkultimate', 'engine', 'release', 'is', 'on', 'the', 'way', 'aoihana', 'udkinstall---beta', 'or', 'udkinstall---beta-', 'do', 'you', 'care', 'about', 'physx', 'update', 'november', 'release', 'of', 'udk', 'adds', 'apex', 'support', 'please', 'note', 'only', 'assets', 'created', 'with', 'latest', 'authoring', 'tools', '-', 'physxlab', 'and', 'dcc', 'plug-ins', '-', 'are', 'compatible', 'with', 'apex', 'just', 'for', 'fun', 'not', 'all', 'apex', 'physx', 'assetts', 'are', 'included', 'lol', '-', 'i', 'really', 'love', 'how', 'messy', 'every', 'udk', 'is', 'curiosity', 'do', 'you', 'have', 'a', 'license', 'added', 'links', 'for', 'july-december', 'i', 'need', 'exactly', 'udkinstall---beta', 'because', 'only', 'this', 'version', 'can', 'i', 'hope', 'so', 'open', 'required', 'upk', 'i', 'attached', 'it', 'in', 'topic', 'i', 'tried', 'so', 'many', 'versions', 'and', 'none', 'of', 'them', 'could', 'open', 'it', 'so', 'by', 'an', 'exception', 'i', 'think', '--beta', 'is', 'the', 'only', 'one', 'that', 'can', 'have', 'the', 'same', 'packageversion', 'more', 'links', 'for', '-', 'link', 'is', 'in', 'your', 'inbox', 'give', 'it', 'an', 'hour', 'maybe', 'before', 'trying', 'to', 'd', 'l', 'to', 'make', 'sure', 'google', 'drive', 'isnt', 'processing', 'anything', 'gb', 'was', 'a', 'min', 'upload', 'so', 'give', 'it', 'another', 'min', 'to', 'process', 'the', 'link', 'in', 'my', 'description', 'colorudk', 'beta', 'color', 'is', 'temporarily', 'active', 'i', 'need', 'the', 'gb', 'for', 'other', 'content', 'thanks', 'added', 'that', 'beta', 'to', 'my', 'collection', 'the', 'only', 'ones', 'missing', 'are', 'udkinstall---beta', 'exe', 'udkinstall---beta', 'exe', 'udkinstall--', 'exe', 'if', 'you', 'got', 'any', 'of', 'those', 'can', 'you', 'drop', 'a', 'link', 'thank', 'you', 'was', 'searching', 'everywhere', 'for', 'udkinstall--', 'exe', 'the', 'links', 'dont', 'seem', 'to', 'be', 'working', 'anymore', 'i', 'am', 'searching', 'for', 'a', 'version', 'of', 'udk', 'to', 'use', 'for', 'modding', 'do', 'you', 'know', 'where', 'could', 'i', 'get', 'it', 'everything', 'i', 'could', 'salvage', 'is', 'here', 'i', 'just', 'wanted', 'to', 'thank', 'you', 'for', 'your', 'contribution', 'well', 'hope', 'you', 'get', 'one', 'it', 'says', 'that', 'they', 'no', 'longer', 'support', 'it', 'they', 'do', 'not', 'support', 'it', 'anymore', 'now', 'you', 'should', 'be', 'using', 'unreal', 'engine', 'for', 'new', 'projects', 'which', 'is', 'supported', 'thanks', 'but', 'ive', 'already', 'downloaded', 'it', 'from', 'cnet', 'download', 'its', 'free', 'but', 'yes', 'i', 'moved', 'to', 'ue', 'anyway', 'they', 'dont', 'support', 'it', 'but', 'that', 'doesnt', 'mean', 'you', 'have', 'to', 'use', 'ue', 'udk', 'requirements', 'are', 'quite', 'modest', 'for', 'and', 'for', 'simple', 'games', 'its', 'more', 'than', 'enough', 'thank', 'you', 'you', 'are', 'pretty', 'much', 'the', 'only', 'source', 'for', 'ue', 'i', 'could', 'find', 'there', 'are', 'a', 'handful', 'of', 'versions', 'on', 'my', 'website', 'can', 'you', 'still', 'download', 'udk', 'from', 'steam', 'you', 'used', 'to', 'be', 'able', 'to', 'do', 'that', 'i', 'wonder', 'if', 'its', 'still', 'available', 'dont', 'think', 'so', 'but', 'you', 'can', 'download', 'udk', 'from', 'links', 'in', 'this', 'post', 'install', 'it', 'the', 'usual', 'way', 'and', 'check', 'this', 'guide', 'out', 'to', 'move', 'it', 'to', 'steam', 'directory', 'https', 'steamcommunity', 'com', 'sharedfiles', 'filedetails', 'id', 'thank', 'you', 'very', 'much', 'i', 'was', 'looking', 'a', 'lot', 'for', 'udk', '-', 'the', 'latest', 'version', '-', 'crashes', 'randomly', 'every', 'time', 'u', 'can', 'download', 'it', 'from', 'here', 'if', 'it', 'fails', 'to', 'download', 'then', 'try', 'this', 'method', 'if', 'anyone', 'is', 'interested', 'can', 'download', 'my', 'modded', 'udk', 'engine', 'which', 'is', 'based', 'on', 'udk', 'may', 'and', 'supports', 'exporting', 'your', 'games', 'for', 'ps', 'and', 'xbox', 'cheers', 'thanks', 'for', 'sharing', 'ulti', 'thank', 'you', 'for', 'sharing', 'i', 'wanted', 'to', 'checkout', 'the', 'old', 'epic', 'citadel', 'controls', 'for', 'a', 'vr', 'cardboard', 'project', 'and', 'the', 'game', 'disappeared', 'from', 'the', 'play', 'store', 'then', 'i', 'found', 'that', 'the', 'udk', 'which', 'includes', 'epic', 'citadel', 'assets', 'wasnt', 'available', 'anymore', 'hi', 'guys', 'can', 'i', 'ask', 'if', 'its', 'possible', 'to', 'open', 'some', 'upks', 'from', 'a', 'game', 'called', 'spec', 'ops', 'the', 'line', 'and', 'which', 'version', 'of', 'udk', 'can', 'load', 'them', 'i', 'hope', 'its', 'possible', 'here', 'is', 'a', 'link', 'for', 'all', 'of', 'the', 'older', 'versions', 'of', 'the', 'udk', 'you', 'can', 'use', 'on', 'the', 'official', 'links', 'too', 'i', 'mean', 'im', 'looking', 'for', 'ue', 'or', 'thank', 'you', 'can', 'plz', 'provide', 'unreal', 'engine', 'for', 'linux', 'plz', 'give', 'me', 'google', 'drive', 'access', 'and', 'does', 'anyone', 'have', 'compiled', 'ue', 'or', 'below', 'i', 'am', 'not', 'able', 'to', 'compile', 'it', 'with', 'vscode', 'and', 'as', 'i', 'am', 'on', 'linux', 'ghraphic', 'are', 'not', 'set', 'for', 'this', 'and', 'i', 'can', 'use', 'epic', 'games', 'none', 'of', 'the', 'links', 'i', 'can', 'access', 'the', 'udk', 'how', 'strange', 'for', 'this', 'to', 'happen', 'what', 'do', 'you', 'mean', 'none', 'of', 'em', 'work', 'i', 'have', 'not', 'tried', 'udk', 'in', 'my', 'computer', 'works', 'acess', 'denied']"
mon livre,"Aug 09, 2022 07:21:05 PM MDT",https://forums.unrealengine.com/t/mon-livre/,"Jun 15, 2022 1:07 pm MDT",No-Date MDT,0,Unknown,1,Unknown,Unknown,['cooked'],"['cest', 'le', 'personnage', 'que', 'jai', 'cre', 'pour', 'mon', 'livre']"
Chat Simulator/Western Otome/Dating Sim?,"Aug 09, 2022 07:21:08 PM MDT",https://forums.unrealengine.com/t/chat-simulator-western-otome-dating-sim/,"Jun 13, 2022 7:03 pm MDT","Jun 13, 2022 10:44 pm MDT",1,248,2,0,0,['cooked'],"['i', 'am', 'in', 'the', 'process', 'of', 'trying', 'out', 'various', 'game', 'creation', 'engines', 'such', 'as', 'unreal', 'unity', 'ugh', 'so', 'expensive', 'and', 'adobe', 'xd', 'airs', 'predecessor', 'for', 'a', 'new', 'game', 'it', 'will', 'be', 'similar', 'to', 'the', 'found', 'phone', 'or', 'chat', 'sim', 'genre', 'examples', 'are', 'mystic', 'messenger', 'duskwood', 'the', 'healing', 'the', 'sign', 'blooming', 'panic', 'pc', 'only', 'and', 'sim', 'series', 'sara', 'is', 'missing', 'i', 'will', 'have', 'characters', 'that', 'chat', 'regularly', 'in', 'one', 'group', 'chat', 'and', 'then', 'in', 'private', 'messages', 'id', 'like', 'to', 'include', 'video', 'chat', 'options', 'and', 'audio', 'calls', 'as', 'well', 'as', 'be', 'able', 'to', 'send', 'and', 'receive', 'photos', 'that', 'store', 'to', 'an', 'album', 'along', 'with', 'clues', 'and', 'some', 'possible', 'minigames', 'for', 'finding', 'said', 'clues', 'platforms', 'would', 'me', 'android', 'apple', 'mac', 'and', 'pc', 'would', 'this', 'be', 'a', 'good', 'option', 'or', 'is', 'there', 'something', 'else', 'youd', 'suggest', 'im', 'not', 'a', 'master', 'at', 'coding', 'html', 'during', 'the', 'myspace', 'days', 'sure', 'but', 'otherwise', 'nope', 'i', 'might', 'hire', 'someone', 'but', 'id', 'really', 'like', 'to', 'take', 'this', 'passion', 'project', 'into', 'my', 'own', 'hands', 'if', 'you', 'have', 'any', 'tutorials', 'for', 'this', 'please', 'link', 'them', 'as', 'well', 'thanks', 'in', 'advance', 'sincerely', 'a', 'very', 'happy', 'gamer', 'girl', 'hi', 'welcome', 'to', 'the', 'community', 'unreal', 'engine', 'or', 'should', 'be', 'fine', 'for', 'what', 'you', 'want', 'to', 'do', 'it', 'might', 'be', 'more', 'engine', 'than', 'you', 'need', 'but', 'you', 'could', 'certainly', 'create', 'the', 'game', 'you', 'have', 'in', 'mind', 'with', 'unreal', 'you', 'did', 'however', 'post', 'your', 'question', 'in', 'the', 'legacy', 'udk', 'content', 'creation', 'subforum', 'as', 'this', 'is', 'your', 'first', 'post', 'i', 'think', 'you', 'may', 'have', 'posted', 'in', 'the', 'wrong', 'area', 'the', 'legacy', 'part', 'of', 'the', 'forum', 'is', 'for', 'unreal', 'engine', 'and', 'udk', 'if', 'you', 'intend', 'to', 'create', 'a', 'new', 'game', 'using', 'ue', 'or', 'udk', 'i', 'strongly', 'recommend', 'against', 'it', 'do', 'not', 'start', 'a', 'new', 'game', 'using', 'udk', 'udk', 'is', 'not', 'the', 'engine', 'you', 'want', 'to', 'use']"
Controle de escala da malha  com referÃªncia em outra malha,"Aug 09, 2022 07:21:11 PM MDT",https://forums.unrealengine.com/t/controle-de-escala-da-malha-com-referencia-em-outra-malha/,"May 23, 2022 3:10 pm MDT",No-Date MDT,0,Unknown,1,Unknown,Unknown,['cooked'],"['quero', 'saber', 'se', 'teria', 'uma', 'maneira', 'de', 'limitar', 'a', 'escala', 'de', 'uma', 'malha', 'esttica', 'ainda', 'dentro', 'do', 'viewport', 'baseando', 'seu', 'limite', 'em', 'outra', 'malha', 'esttica', 'exemplo', 'dois', 'cubos', 'posicionados', 'um', 'ao', 'lado', 'do', 'outro', 'com', 'um', 'espao', 'entre', 'eles', 'de', 'a', 'cm', 'quando', 'selecionado', 'um', 'dos', 'cubos', 'e', 'aumentando', 'sua', 'escala', 'ele', 'respeitaria', 'a', 'posio', 'do', 'outro', 'cubo', 'no', 'sendo', 'possvel', 'mais', 'aumentar', 'o', 'seu', 'tamanho', 'j', 'que', 'o', 'limite', 'seria', 'a', 'face', 'do', 'prximo', 'cubo', 'teria', 'como', 'isso', 'ser', 'feito']"
2 quads in my landscape always default to  greyish texture.,"Aug 09, 2022 07:21:15 PM MDT",https://forums.unrealengine.com/t/2-quads-in-my-landscape-always-default-to-greyish-texture/,"May 19, 2022 9:01 pm MDT","May 20, 2022 6:17 pm MDT",5,273,2,1,0,['cooked'],"['hey', 'all', 'i', 'am', 'having', 'an', 'issue', 'with', 'sections', 'of', 'my', 'landscape', 'always', 'returning', 'to', 'default', 'texture', 'and', 'i', 'can', 'figure', 'out', 'why', 'i', 'have', 'the', 'materials', 'not', 'the', 'normal', 'or', 'the', 'other', 'one', 'set', 'to', 'shared', 'wrap', 'and', 'still', 'its', 'doing', 'this', 'if', 'anyone', 'knows', 'how', 'to', 'fix', 'this', 'i', 'would', 'be', 'greatful', 'i', 'think', 'you', 'need', 'to', 'have', 'all', 'the', 'textures', 'in', 'the', 'material', 'set', 'to', 'shared', 'wrap', 'not', 'just', 'the', 'color', 'textures', 'if', 'i', 'understood', 'correctly', 'ok', 'i', 'will', 'try', 'that', 'when', 'i', 'get', 'home', 'but', 'it', 'still', 'makes', 'no', 'sense', 'thay', 'its', 'just', 'these', 'spots', 'i', 'mean', 'i', 'only', 'have', 'textures', 'and', 'an', 'auto', 'texture', 'so', 'unless', 'i', 'painted', 'them', 'all', 'in', 'these', 'spots', 'and', 'not', 'anywear', 'else', 'that', 'couls', 'be', 'why', 'they', 'never', 'did', 'it', 'anywhere', 'esle', 'screenshots', 'of', 'your', 'setup', 'help', 'a', 'lot', 'ok', 'whwn', 'i', 'get', 'home', 'later', 'i', 'will', 'screen', 'shot', 'the', 'material', 'set', 'up', 'and', 'functions', 'if', 'the', 'previous', 'sugestion', 'doesnt', 'work', 'ok', 'so', 'this', 'has', 'worked', 'didnt', 'know', 'i', 'had', 'to', 'apply', 'it', 'to', 'all', 'parts', 'of', 'the', 'texture', 'thanks', 'for', 'the', 'advice', 'if', 'there', 'is', 'any', 'other', 'complication', 'then', 'i', 'will', 'send', 'pics', 'of', 'the', 'functions', 'and', 'materials']"
Tunic-Like Isometric View tips for my Game,"Aug 09, 2022 07:21:18 PM MDT",https://forums.unrealengine.com/t/tunic-like-isometric-view-tips-for-my-game/,"May 12, 2022 4:14 am MDT",No-Date MDT,0,Unknown,1,Unknown,Unknown,['cooked'],"['hi', 'guys', 'im', 'trying', 'to', 'make', 'my', 'game', 'with', 'an', 'isometric', 'view', 'similar', 'than', 'the', 'new', 'game', 'tunic', 'but', 'after', 'various', 'experiments', 'im', 'still', 'not', 'getting', 'my', 'desired', 'result', 'taking', 'inspiration', 'from', 'tunic', 'i', 'still', 'dont', 'understand', 'if', 'that', 'games', 'isometric', 'view', 'mode', 'is', 'something', 'between', 'orthographic', 'or', 'perspective', 'which', 'do', 'you', 'guys', 'think', 'it', 'is']"
Impossible to create a menu in the new version of Unreal,"Aug 09, 2022 07:21:21 PM MDT",https://forums.unrealengine.com/t/impossible-to-create-a-menu-in-the-new-version-of-unreal/,"May 5, 2022 12:51 pm MDT","May 9, 2022 10:37 am MDT",1,370,1,1,0,['cooked'],"['hi', 'when', 'i', 'create', 'a', 'blueprint', 'widget', 'to', 'create', 'a', 'main', 'menu', 'for', 'a', 'project', 'a', 'floating', 'menu', 'pops', 'up', 'asking', 'me', 'what', 'kind', 'of', 'menu', 'i', 'want', 'i', 'have', 'never', 'seen', 'this', 'before', 'nor', 'have', 'i', 'found', 'any', 'tutorial', 'where', 'this', 'appears', 'this', 'would', 'not', 'be', 'a', 'problem', 'if', 'when', 'choosing', 'the', 'user', 'widget', 'which', 'i', 'understand', 'is', 'the', 'basic', 'one', 'it', 'would', 'let', 'me', 'work', 'on', 'it', 'as', 'usual', 'it', 'doesnt', 'first', 'of', 'all', 'when', 'i', 'hover', 'the', 'mouse', 'over', 'the', 'design', 'area', 'the', 'edges', 'of', 'the', 'screen', 'are', 'not', 'highlighted', 'but', 'the', 'worst', 'thing', 'is', 'that', 'when', 'i', 'drag', 'and', 'drop', 'any', 'element', 'of', 'the', 'palette', 'over', 'the', 'design', 'area', 'the', 'element', 'occupies', 'the', 'whole', 'screen', 'and', 'cannot', 'be', 'resized', 'have', 'i', 'skipped', 'a', 'step', 'does', 'this', 'have', 'something', 'to', 'do', 'with', 'the', 'new', 'unreal', 'update', 'i', 'have', 'really', 'searched', 'everywhere', 'for', 'the', 'solution', 'but', 'in', 'no', 'tutorial', 'appears', 'this', 'case', 'and', 'in', 'the', 'official', 'guide', 'of', 'unreal', 'in', 'the', 'page', 'to', 'create', 'a', 'menu', 'best', 'regards', 'and', 'thanks', 'in', 'advance', 'ok', 'i', 'have', 'solved', 'it', 'in', 'the', 'end', 'i', 'installed', 'the', 'sample', 'content', 'and', 'looked', 'at', 'how', 'the', 'menus', 'were', 'made', 'the', 'problem', 'basically', 'is', 'that', 'the', 'first', 'thing', 'to', 'do', 'to', 'create', 'a', 'menu', 'is', 'to', 'find', 'in', 'the', 'common', 'menu', 'the', 'canvas', 'panel', 'and', 'drag', 'it', 'to', 'the', 'workspace', 'once', 'placed', 'you', 'can', 'place', 'inside', 'all', 'the', 'elements', 'that', 'you', 'want']"
How can I disconnect the weapon from the stormtrooper  after a force push?,"Aug 09, 2022 07:21:24 PM MDT",https://forums.unrealengine.com/t/how-can-i-disconnect-the-weapon-from-the-stormtrooper-after-a-force-push/,"May 6, 2022 9:02 am MDT",No-Date MDT,0,Unknown,1,Unknown,Unknown,['cooked'],"['hello', 'the', 'stormtrooper', 'have', 'a', 'socket', 'with', 'the', 'weapon', 'e', 'the', 'blueprints', 'force', 'in', 'the', 'character', '-', 'cast', 'the', 'e', 'force', 'character', 'in', 'e', 'thanks', 'for', 'reading']"
Hololens 2 In UE4.27,"Aug 09, 2022 07:21:27 PM MDT",https://forums.unrealengine.com/t/hololens-2-in-ue4-27/,"May 5, 2022 9:02 am MDT",No-Date MDT,0,Unknown,1,Unknown,Unknown,['cooked'],"['hello', 'everyone', 'need', 'help', 'here', 'cant', 'display', 'the', 'metadata', 'datasmith', 'file', 'on', 'd', 'widget', 'in', 'hololens', 'the', 'scene', 'is', 'datasmith', 'scene', 'with', 'collision', 'and', 'metadata', 'values', 'action', 'from', 'dataprep', 'need', 'to', 'read', 'data', 'with', 'hands', 'rays', 'and', 'return', 'metadata', 'to', 'd', 'widget', 'p', 's', 'in', 'a', 'standard', 'fps', 'game', 'mode', 'everything', 'works']"
Flickering issue,"Aug 09, 2022 07:21:32 PM MDT",https://forums.unrealengine.com/t/flickering-issue/,"Feb 6, 2016 3:49 pm MDT","Feb 8, 2016 10:04 am MDT",6,3147,5,0,0,['cooked'],"['hi', 'all', 'i', 'have', 'rods', 'the', 'hold', 'up', 'the', 'staircase', 'they', 'flicker', 'anyone', 'know', 'how', 'to', 'eliminate', 'this', 'please', 'see', 'link', 'to', 'video', 'thanks', 'to', 'me', 'that', 'is', 'like', 'anti', 'aliasing', 'related', 'problem', 'try', 'to', 'change', 'the', 'anti-aliasing', 'setting', 'if', 'you', 'have', 'temporal', 'aa', 'on', 'change', 'it', 'to', 'fxaa', 'and', 'vice', 'versa', 'you', 'also', 'can', 'turn', 'off', 'aa', 'in', 'ue', 'setting', 'and', 'play', 'around', 'with', 'aa', 'setting', 'in', 'your', 'graphic', 'driver', 'setting', 'but', 'as', 'far', 'as', 'i', 'know', 'this', 'kind', 'of', 'setup', 'doesnt', 'work', 'in', 'the', 'editor', 'it', 'works', 'in', 'stand', 'alone', 'game', 'though', 'im', 'having', 'the', 'same', 'problem', 'and', 'realised', 'that', 'not', 'the', 'geometry', 'is', 'flickering', 'but', 'the', 'reflections', 'on', 'very', 'thin', 'objects', 'it', 'helps', 'make', 'them', 'not', 'reflective', 'if', 'youre', 'not', 'getting', 'very', 'close', 'you', 'wont', 'see', 'them', 'anyways', 'ive', 'had', 'the', 'same', 'issue', 'and', 'went', 'back', 'and', 'forth', 'with', 'the', 'guys', 'at', 'unreal', 'never', 'did', 'solve', 'it', 'if', 'you', 'increase', 'screen', 'percentage', 'in', 'the', 'global', 'post', 'process', 'volume', 'in', 'game', 'it', 'helps', 'but', 'reduces', 'performance', 'it', 'could', 'also', 'be', 'screen', 'space', 'ao', 'i', 'think', 'its', 'an', 'alias', 'problem', 'from', 'my', 'trials', 'it', 'happens', 'in', 'different', 'places', 'not', 'just', 'thin', 'metallic', 'surfaces']"
Water system corrupted my file,"Aug 09, 2022 07:21:35 PM MDT",https://forums.unrealengine.com/t/water-system-corrupted-my-file/,"Apr 20, 2022 4:32 am MDT","Apr 21, 2022 10:25 pm MDT",4,351,2,1,0,['cooked'],"['since', 'i', 'added', 'a', 'water', 'system', 'and', 'reduce', 'its', 'scale', 'to', 'adapt', 'to', 'my', 'landscape', 'ue', 'crashed', 'unfortunately', 'i', 'saved', 'the', 'file', 'with', 'the', 'water', 'system', 'in', 'it', 'therefore', 'i', 'can', 'no', 'longer', 'open', 'the', 'file', 'it', 'crashes', 'as', 'soon', 'as', 'he', 'finishes', 'to', 'open', 'the', 'file', 'does', 'anyone', 'know', 'how', 'to', 'fix', 'this', 'issue', 'loginidebbdfbffbafa', 'epicaccountidbebafbdbbfabac', 'assertion', 'failed', 'size', 'filedbuilduesyncenginesourceruntimeddrhiprivateddbuffer', 'cpp', 'line', 'unrealeditor_ddrhi', 'unrealeditor_ddrhi', 'unrealeditor_ddrhi', 'unrealeditor_ddrhi', 'unrealeditor_ddrhi', 'unrealeditor_ddrhi', 'unrealeditor_water', 'unrealeditor_water', 'unrealeditor_water', 'unrealeditor_core', 'unrealeditor_core', 'unrealeditor_core', 'unrealeditor_rendercore', 'unrealeditor_rendercore', 'unrealeditor_core', 'unrealeditor_core', 'kernel', 'ntdll', 'first', 'you', 'should', 'create', 'a', 'copy', 'of', 'your', 'project', 'is', 'it', 'a', 'c', 'build', 'if', 'yes', 'try', 'to', 'rebuild', 'your', 'project', 'by', 'right', 'clicking', 'on', 'your', 'project', 'file', 'in', 'the', 'file', 'explorer', 'furthermore', 'you', 'could', 'try', 'to', 'delete', 'intermediate', 'config', 'and', 'saved', 'folders', 'and', 'start', 'the', 'project', 'some', 'projects', 'dont', 'start', 'anymore', 'because', 'the', 'default', 'map', 'file', 'or', 'its', 'associated', 'gamemode', 'is', 'corrupted', 'if', 'nothing', 'of', 'this', 'works', 'use', 'your', 'backup', 'haf_blade', 'thank', 'you', 'very', 'much', 'for', 'your', 'response', 'i', 'did', 'a', 'copy', 'of', 'the', 'project', 'and', 'i', 'delete', 'the', 'map', 'from', 'content', 'folder', 'i', 'can', 'load', 'another', 'map', 'but', 'i', 'am', 'missing', 'some', 'elements', 'from', 'the', 'main', 'map', 'is', 'there', 'a', 'way', 'to', 'remove', 'or', 'unload', 'the', 'water', 'zone', 'on', 'the', 'outliner', 'element', 'from', 'the', 'project', 'folder', 'before', 'lauching', 'it', 'i', 'dont', 'think', 'so', 'sadly']"
Clothing collision problem,"Aug 09, 2022 07:21:38 PM MDT",https://forums.unrealengine.com/t/clothing-collision-problem/,"Apr 21, 2022 12:25 pm MDT",No-Date MDT,0,Unknown,1,Unknown,Unknown,['cooked'],"['hello', 'im', 'new', 'with', 'unreal', 'engine', 'i', 'made', 'a', 'flag', 'with', 'blender', 'just', 'for', 'a', 'cloth', 'try', 'and', 'i', 'have', 'encountered', 'a', 'collision', 'problem', 'between', 'the', 'flag', 'and', 'the', 'player', 'as', 'you', 'can', 'see', 'in', 'the', 'uploaded', 'images', 'how', 'to', 'resolve', 'this', 'problem']"
Medieval Adventure Drafts,"Aug 09, 2022 07:21:41 PM MDT",https://forums.unrealengine.com/t/medieval-adventure-drafts/,"Apr 21, 2022 8:47 am MDT",No-Date MDT,0,Unknown,1,Unknown,Unknown,['cooked'],[]
Hello market place and UDK and other questions,"Aug 09, 2022 07:21:44 PM MDT",https://forums.unrealengine.com/t/hello-market-place-and-udk-and-other-questions/,"Apr 17, 2022 1:04 am MDT","Apr 18, 2022 3:42 am MDT",1,301,2,0,0,['cooked'],"['so', 'i', 'was', 'wondering', 'can', 'market', 'place', 'assets', 'bought', 'be', 'used', 'in', 'udk', 'ue', 'then', 'sell', 'games', 'with', 'it', 'is', 'it', 'totally', 'legit', 'so', 'i', 'was', 'wondering', 'to', 'is', 'legel', 'to', 'sell', 'games', 'using', 'marketplace', 'assets', 'or', 'there', 'is', 'ssome', 'bs', 'with', 'the', 'licenses', 'going', 'on', 'thanks', 'in', 'advance', 'i', 'highly', 'doubt', 'there', 'is', 'a', 'problem', 'or', 'that', 'epic', 'care', 'if', 'you', 'are', 'paying', 'than', 'its', 'yours', 'to', 'use', 'and', 'if', 'you', 'mean', 'the', 'free', 'assets', 'again', 'i', 'doubt', 'there', 'will', 'be', 'a', 'problem', 'because', 'epic', 'says', 'unreal', 'engine', 'use', 'and', 'we', 'are', 'using', 'unreal', 'engine', 'and', 'we', 'are', 'so', 'few', 'and', 'they', 'are', 'so', 'flexible', 'at', 'the', 'end', 'of', 'the', 'day', 'we', 'pay', 'the', 'same', 'royalty', 'to', 'epic', 'as', 'ue', 'users', 'in', 'fact', 'the', 'license', 'i', 'bought', 'for', 'udk', 'is', 'the', 'same', 'as', 'of', 'ue', 'in', 'terms', 'for', 'royalties', 'as', 'i', 'said', 'i', 'dont', 'think', 'they', 'will', 'care', 'we', 'purchased', 'it', 'used', 'it', 'with', 'a', 'unreal', 'engine', 'version', 'and', 'payed', 'them', 'the', 'same', 'royalties', 'as', 'the', 'newer', 'versions', 'of', 'unreal', 'users', 'everything', 'seems', 'perfectly', 'legit', 'to', 'me']"
Solospace web3 Metaverse,"Aug 09, 2022 07:21:47 PM MDT",https://forums.unrealengine.com/t/solospace-web3-metaverse/,"Apr 17, 2022 4:50 pm MDT",No-Date MDT,0,Unknown,1,Unknown,Unknown,['cooked'],"['solospace', 'web', 'metaverse', 'is', 'looking', 'for', 'blueprint', 'programmers', 'c', 'd', 'modelers', 'pbr', 'twin', 'motion', 'lod', 'please', 'contact', 'us', 'if', 'you', 'have', 'any', 'of', 'these', 'skills', 'mattsolospace', 'io']"
add child widget wrapbox but not work,"Aug 09, 2022 07:21:50 PM MDT",https://forums.unrealengine.com/t/add-child-widget-wrapbox-but-not-work/,"Apr 14, 2022 9:03 am MDT",No-Date MDT,0,Unknown,1,Unknown,Unknown,['cooked'],"['i', 'try', 'to', 'create', 'child', 'widget', 'of', 'wrapbox', 'but', 'it', 'work', 'only', 'in', 'construc', 'event', 'how', 'i', 'can', 'fix', 'it', 'can', 'work', 'whenever', 'i', 'want']"
Morph targets (baked bones animation) still relevant?,"Aug 09, 2022 07:21:53 PM MDT",https://forums.unrealengine.com/t/morph-targets-baked-bones-animation-still-relevant/,"Apr 10, 2022 12:38 pm MDT","Apr 11, 2022 10:59 am MDT",1,333,2,0,3,['cooked'],"['hi', 'i', 'wanted', 'to', 'bake', 'my', 'animations', 'but', 'some', 'people', 'tend', 'to', 'suggest', 'its', 'not', 'a', 'good', 'idea', 'from', 'this', 'thread', 'is', 'this', 'still', 'necessary', 'to', 'optimize', 'animations', 'i', 'am', 'planning', 'to', 'make', 'a', 'game', 'with', 'quiet', 'a', 'lot', 'of', 'animated', 'meshes', 'thanks', 'morph', 'targets', 'are', 'not', 'exactly', 'used', 'for', 'optimization', 'a', 'typical', 'morph', 'target', 'is', 'basically', 'a', 'snapshot', 'of', 'vertex', 'positions', 'so', 'you', 'can', 'use', 'for', 'more', 'complex', 'deformation', 'on', 'skeletal', 'meshes', 'where', 'you', 'would', 'otherwise', 'need', 'hundreds', 'of', 'bones', 'i', 'think', 'youre', 'referring', 'to', 'vertex', 'animation', 'which', 'is', 'basically', 'the', 'same', 'and', 'sometimes', 'called', 'static', 'mesh', 'morph', 'targets', 'you', 'can', 'bake', 'animation', 'frames', 'vertex', 'positions', 'to', 'a', 'texture', 'and', 'then', 'make', 'a', 'static', 'mesh', 'animate', 'via', 'material', 'world', 'position', 'offset', 'static', 'meshes', 'can', 'be', 'a', 'lot', 'more', 'performant', 'than', 'skeletal', 'meshes', 'therefore', 'you', 'can', 'use', 'that', 'technique', 'for', 'optimization', 'note', 'though', 'that', 'animating', 'static', 'meshes', 'from', 'a', 'texture', 'has', 'a', 'lot', 'of', 'limitations', 'its', 'not', 'like', 'you', 'can', 'replace', 'skeletal', 'meshes', 'entirely', 'with', 'this', 'technique', 'here', 'are', 'relevant', 'links']"
Anti piracy?,"Aug 09, 2022 07:21:57 PM MDT",https://forums.unrealengine.com/t/anti-piracy/,"Apr 7, 2022 9:29 am MDT","Apr 7, 2022 9:42 am MDT",2,448,2,0,1,['cooked'],"['hi', 'how', 'does', 'one', 'implement', 'anti', 'piracy', 'in', 'unreal', 'getting', 'steam', 'id', 'of', 'the', 'player', 'who', 'cracked', 'the', 'game', 'detect', 'the', 'game', 'files', 'have', 'been', 'tempered', 'are', 'drms', 'still', 'relevant', 'how', 'do', 'i', 'implement', 'this', 'steam', 'epic', 'interface', 'with', 'my', 'game', 'thanks', 'i', 'looked', 'into', 'this', 'a', 'lot', 'when', 'i', 'released', 'my', 'game', 'basically', 'theres', 'nothing', 'you', 'can', 'do', 'the', 'steam', 'drm', 'will', 'stop', 'someone', 'from', 'just', 'copying', 'the', 'game', 'to', 'their', 'friends', 'computer', 'but', 'can', 'be', 'removed', 'by', 'anyone', 'with', 'a', 'bit', 'of', 'determination', 'the', 'only', 'way', 'you', 'can', 'really', 'protect', 'the', 'game', 'is', 'to', 'give', 'it', 'out', 'for', 'free', 'and', 'then', 'charge', 'for', 'add-ons', 'that', 'the', 'hacker', 'morons', 'cant', 'keep', 'up', 'with', 'great', 'example', 'of', 'this', 'fortnite', 'there', 'are', 'also', 'some', 'very', 'good', 'articles', 'outlining', 'how', 'piracy', 'is', 'good', 'for', 'indie', 'games', 'thanks', 'i', 'saw', 'a', 'lot', 'of', 'people', 'advising', 'to', 'release', 'many', 'pre', 'pirated', 'version', 'of', 'the', 'game', 'as', 'torrents', 'indeed', 'but', 'i', 'wanted', 'to', 'know', 'how', 'they', 'technically', 'did', 'it', 'in', 'garrys', 'mod', 'or', 'other', 'games', 'punishing', 'the', 'hacker', 'in', 'a', 'smart', 'fun', 'way', 'talos', 'for', 'instance', 'stops', 'woring', 'in', 'the', 'elevator', 'mid', 'game']"
Has anyone elseâs UDK stopped working?,"Aug 09, 2022 07:22:00 PM MDT",https://forums.unrealengine.com/t/has-anyone-elses-udk-stopped-working/,"Feb 21, 2022 12:09 pm MDT","Apr 5, 2022 7:01 pm MDT",5,658,4,3,0,['cooked'],"['when', 'i', 'try', 'to', 'open', 'version', 'udk--', 'it', 'freezes', 'at', 'setting', 'up', 'the', 'game', 'asset', 'database', 'i', 'tried', 'again', 'with', 'the', 'version', 'but', 'have', 'the', 'same', 'error', 'has', 'this', 'happened', 'to', 'anyone', 'else', '-', 'udk', 'i', 'vaguely', 'remember', 'that', 'happening', 'at', 'some', 'point', 'with', 'my', 'ue', 'build', 'i', 'dont', 'remember', 'doing', 'anything', 'specific', 'to', 'fix', 'it', 'i', 'think', 'i', 'just', 'restarted', 'my', 'computer', 'it', 'was', 'probably', 'a', 'result', 'of', 'my', 'ancient', 'computer', 'being', 'buggy', 'or', 'a', 'windows', 'update', 'breaking', 'something', 'ive', 'tried', 'every', 'day', 'for', 'the', 'past', 'weeks', 'and', 'it', 'always', 'freezes', 'at', 'the', 'same', 'place', 'ive', 'also', 'tried', 'different', 'versions', 'and', 'get', 'the', 'exact', 'same', 'error', 'i', 'know', 'i', 'never', 'managed', 'to', 'open', 'version', 'i', 'think', 'its', 'a', 'known', 'problem', 'but', 'if', 'you', 'have', 'this', 'with', 'older', 'one', 'maybe', 'delete', 'the', 'udk', 'engine', 'ini', 'and', 'see', 'if', 'it', 'will', 'start', 'udk', 'it', 'should', 'recompile', 'a', 'new', 'one', 'for', 'you', 'keep', 'the', 'old', 'file', 'on', 'desktop', 'in', 'case', 'maybe', 'a', 'recent', 'windows', 'update', 'you', 'did', 'that', 'you', 'have', 'to', 'roll', 'back', 'ore', 'new', 'gpu', 'drivers', 'that', 'you', 'installedthat', 'last', 'one', 'doesnt', 'make', 'much', 'sense', 'though', 'try', 'to', 'run', 'udk', 'in', 'compatibility', 'mode', 'of', 'windows', 'vista', 'or', 'even', 'xp', 'you', 'could', 'avoid', 'using', 'internet', 'while', 'working', 'on', 'it', 'by', 'some', 'miracle', 'it', 'started', 'working', 'again', 'i', 'didnt', 'change', 'anything', 'so', 'i', 'dont', 'know', 'why', 'it', 'started', 'working', 'again', 'many', 'thanks', 'for', 'those', 'who', 'were', 'willing', 'to', 'lend', 'a', 'helping', 'hand']"
Cooking a Multiple Language Game,"Aug 09, 2022 07:22:03 PM MDT",https://forums.unrealengine.com/t/cooking-a-multiple-language-game/,"Apr 3, 2022 8:02 pm MDT","Apr 4, 2022 10:35 pm MDT",4,356,2,2,1,['cooked'],"['hello', 'friends', 'its', 'me', 'again', 'after', 'a', 'lot', 'of', 'headaches', 'i', 'was', 'able', 'to', 'fully', 'localize', 'my', 'game', 'to', 'chinese', 'arabic', 'and', 'portuguese', 'besides', 'the', 'default', 'english', 'i', 'am', 'also', 'able', 'to', 'change', 'languages', 'through', 'my', 'custom', 'game', 'launcher', 'everything', 'was', 'working', 'perfectly', 'until', 'i', 'tried', 'to', 'cook', 'the', 'game', 'cook', 'all', 'the', 'maps', 'i', 'know', 'that', 'cooking', 'content', 'is', 'more', 'for', 'consoles', 'since', 'on', 'pc', 'udk', 'can', 'run', 'uncooked', 'content', 'also', 'however', 'at', 'least', 'for', 'my', 'old', 'vaio', 'notebook', 'loading', 'cooked', 'content', 'is', 'almost', 'x', 'faster', 'than', 'loading', 'the', 'uncooked', 'content', 'but', 'the', 'problem', 'is', 'that', 'it', 'seems', 'the', 'way', 'udk', 'engine', 'handles', 'localization', 'of', 'binary', 'files', 'the', 'upk', 'trick', 'of', 'just', 'adding', 'a', 'sufix', 'on', 'the', 'package', 'name', 'with', 'the', 'language', 'code', 'like', 'udkfrontend_chn', 'for', 'the', 'engine', 'load', 'the', 'correct', 'upk', 'file', 'according', 'the', 'language', 'selected', 'it', 'seems', 'to', 'only', 'work', 'with', 'uncooked', 'content', 'i', 'select', 'all', 'languages', 'i', 'want', 'to', 'cook', 'in', 'the', 'unrealfrontend', 'exe', 'however', 'it', 'only', 'copies', 'the', 'localization', 'folders', 'with', 'the', 'int', 'files', 'but', 'it', 'does', 'not', 'copy', 'in', 'example', 'these', 'localized', 'packages', 'udkfrontend_chn', 'upk', 'i', 'even', 'tried', 'to', 'manually', 'copy', 'these', 'localized', 'packages', 'to', 'the', 'cookedpc', 'folder', 'but', 'it', 'does', 'not', 'work', 'no', 'matter', 'what', 'i', 'do', 'the', 'engine', 'simply', 'does', 'not', 'load', 'these', 'localized', 'assets', 'but', 'if', 'i', 'keep', 'the', 'maps', 'uncooked', 'it', 'works', 'perfectly', 'but', 'as', 'i', 'said', 'there', 'are', 'problems', 'the', 'games', 'file', 'size', 'will', 'be', 'much', 'bigger', 'than', 'the', 'cooked', 'game', 'and', 'the', 'loading', 'time', 'will', 'be', 'higher', 'by', 'the', 'way', 'each', 'time', 'the', 'game', 'loads', 'an', 'uncooked', 'map', 'it', 'runs', 'the', 'unrealshadercompilerworker', 'exe', 'to', 'compile', 'shaders', 'and', 'this', 'process', 'at', 'least', 'on', 'my', 'computer', 'takes', 'too', 'long', 'so', 'my', 'question', 'is', 'if', 'i', 'release', 'my', 'game', 'with', 'uncooked', 'assets', 'how', 'can', 'i', 'make', 'the', 'loading', 'of', 'each', 'map', 'faster', 'mainly', 'avoid', 'the', 'compiling', 'of', 'shaders', 'each', 'time', 'the', 'game', 'runs', 'sorry', 'man', 'i', 'gave', 'up', 'on', 'using', 'cooked', 'packages', 'a', 'long', 'time', 'ago', 'i', 'just', 'ran', 'into', 'too', 'many', 'problems', 'in', 'your', 'version', 'of', 'gameengine', 'ini', 'under', 'engine', 'packagestoalwayscook', 'did', 'you', 'include', 'all', 'of', 'your', 'localized', 'packages', 'hello', 'man', 'yeah', 'i', 'remember', 'you', 'commented', 'this', 'years', 'before', 'i', 'also', 'think', 'that', 'i', 'need', 'to', 'give', 'up', 'cooked', 'content', 'i', 'suppose', 'this', 'way', 'i', 'am', 'using', 'for', 'localized', 'content', 'only', 'works', 'with', 'uncooked', 'content', 'because', 'i', 'did', 'add', 'my', 'localized', 'packages', 'under', 'engine', 'packagestoalwayscook', 'however', 'it', 'did', 'not', 'work', 'but', 'another', 'problem', 'with', 'uncooked', 'content', 'is', 'that', 'i', 'have', 'many', 'upk', 'packages', 'that', 'i', 'did', 'not', 'use', 'on', 'my', 'game', 'so', 'how', 'can', 'i', 'select', 'only', 'the', 'packages', 'used', 'on', 'my', 'game', 'without', 'doing', 'this', 'manually', 'if', 'there', 'is', 'a', 'way', 'secondly', 'how', 'can', 'i', 'avoid', 'the', 'shaders', 'compiling', 'each', 'time', 'an', 'uncooked', 'map', 'is', 'loaded', 'im', 'not', 'sure', 'about', 'the', 'unused', 'assets', 'if', 'you', 'want', 'to', 'be', 'completely', 'sure', 'theyre', 'not', 'taking', 'up', 'space', 'you', 'could', 'just', 'delete', 'them', 'as', 'for', 'shaders', 'compiling', 'i', 'had', 'that', 'happen', 'when', 'a', 'shader', 'was', 'too', 'complex', 'are', 'any', 'of', 'your', 'materials', 'over', 'instructions', 'once', 'i', 'simplified', 'all', 'of', 'my', 'materials', 'as', 'much', 'as', 'possible', 'the', 'engine', 'stopped', 'recompiling', 'them', 'every', 'time', 'i', 'loaded', 'a', 'level', 'ok', 'my', 'friend', 'i', 'think', 'that', 'manually', 'organizing', 'the', 'game', 'files', 'is', 'the', 'best', 'to', 'go', 'about', 'materials', 'no', 'the', 'majority', 'of', 'my', 'games', 'materials', 'are', 'simple', 'but', 'i', 'will', 'take', 'a', 'look', 'and', 'see', 'if', 'i', 'can', 'simplify', 'them', 'more', 'thank', 'you', 'very', 'much']"
